Timestamp,EAR,MAR,HeadTilt,Status
08:14:00,0.189,0.888,5.19,Eyes Closed
08:14:00,0.207,0.935,5.67,Eyes Closed
08:14:00,0.216,0.883,5.53,Eyes Closed
08:14:00,0.217,0.881,5.53,Eyes Closed
08:14:00,0.244,0.89,4.83,Eyes Closed
08:14:00,0.217,0.867,4.83,Eyes Closed
08:14:00,0.232,0.896,4.79,Eyes Closed
08:14:00,0.258,0.92,5.19,Yawning
08:14:00,0.24,0.886,4.83,Eyes Closed
08:14:00,0.231,0.858,5.56,Eyes Closed
08:14:00,0.22,0.865,5.56,Eyes Closed
08:14:00,0.244,0.845,5.6,Eyes Closed
08:14:00,0.258,0.886,5.16,Yawning
08:14:00,0.231,0.896,5.19,Eyes Closed
08:14:00,0.262,0.85,5.93,Yawning
08:14:00,0.237,0.853,5.56,Eyes Closed
08:14:00,0.247,0.884,5.53,Eyes Closed
08:14:00,0.216,0.828,4.79,Eyes Closed
08:14:00,0.219,0.867,4.79,Eyes Closed
08:14:00,0.227,0.88,5.19,Eyes Closed
08:14:00,0.252,0.838,5.49,Yawning
08:14:00,0.239,0.862,5.6,Eyes Closed
08:14:00,0.25,0.82,4.79,Yawning
08:14:01,0.24,0.835,5.16,Eyes Closed
08:14:01,0.234,0.835,5.53,Eyes Closed
08:14:01,0.262,0.884,5.23,Yawning
08:14:01,0.258,0.842,5.23,Yawning
08:14:01,0.254,0.884,4.83,Yawning
08:14:01,0.255,0.868,5.23,Yawning
08:14:01,0.242,0.835,4.86,Eyes Closed
08:14:01,0.241,0.923,5.56,Eyes Closed
08:14:01,0.247,0.875,5.56,Eyes Closed
08:14:01,0.258,0.884,5.53,Yawning
08:14:01,0.264,0.883,6.3,Yawning
08:14:01,0.28,0.848,6.01,Yawning
08:14:01,0.252,0.853,6.26,Yawning
08:14:01,0.214,0.869,5.89,Eyes Closed
08:14:01,0.222,0.845,5.89,Eyes Closed
08:14:01,0.265,0.869,5.56,Yawning
08:14:01,0.249,0.907,5.56,Eyes Closed
08:14:01,0.263,0.88,5.19,Yawning
08:14:01,0.256,0.904,5.56,Yawning
08:14:01,0.257,0.881,5.53,Yawning
08:14:01,0.256,0.897,5.93,Yawning
08:14:01,0.253,0.863,5.86,Yawning
08:14:01,0.266,0.859,5.56,Yawning
08:14:01,0.252,0.884,5.56,Yawning
08:14:01,0.261,0.832,5.53,Yawning
08:14:01,0.245,0.873,5.56,Eyes Closed
08:14:01,0.242,0.868,5.6,Eyes Closed
08:14:01,0.252,0.873,5.93,Yawning
08:14:01,0.26,0.875,5.93,Yawning
08:14:01,0.247,0.865,5.16,Eyes Closed
08:14:02,0.258,0.865,5.16,Yawning
08:14:02,0.257,0.865,5.56,Yawning
08:14:02,0.264,0.878,5.53,Yawning
08:14:02,0.25,0.888,5.16,Yawning
08:14:02,0.247,0.857,5.19,Eyes Closed
08:14:02,0.268,0.855,4.79,Yawning
08:14:02,0.258,0.857,5.56,Yawning
08:14:02,0.243,0.869,5.53,Eyes Closed
08:14:02,0.275,0.86,5.19,Yawning
08:14:02,0.275,0.875,5.16,Yawning
08:14:02,0.267,0.875,5.16,Yawning
08:14:02,0.288,0.857,5.16,Yawning
08:14:02,0.279,0.835,5.53,Yawning
08:14:02,0.268,0.884,5.16,Yawning
08:14:02,0.267,0.902,5.89,Yawning
08:14:02,0.29,0.857,5.56,Yawning
08:14:02,0.176,0.885,5.89,Eyes Closed
08:14:02,0.133,0.872,5.49,Eyes Closed
08:14:02,0.179,0.884,5.53,Eyes Closed
08:14:02,0.186,0.835,5.53,Eyes Closed
08:14:02,0.197,0.859,5.53,Eyes Closed
08:14:02,0.212,0.872,5.16,Eyes Closed
08:14:02,0.197,0.884,5.53,Eyes Closed
08:14:02,0.17,0.884,5.13,Eyes Closed
08:14:02,0.191,0.9,5.13,Eyes Closed
08:14:02,0.204,0.9,5.13,Eyes Closed
08:14:02,0.225,0.884,5.89,Eyes Closed
08:14:02,0.199,0.925,5.49,Eyes Closed
08:14:02,0.216,0.863,5.16,Eyes Closed
08:14:02,0.221,0.865,5.49,Eyes Closed
08:14:03,0.229,0.9,5.16,Eyes Closed
08:14:03,0.22,0.865,5.86,Eyes Closed
08:14:03,0.22,0.847,5.89,Eyes Closed
08:14:03,0.233,0.847,5.49,Eyes Closed
08:14:03,0.249,0.867,5.13,Eyes Closed
08:14:03,0.225,0.887,5.13,Eyes Closed
08:14:03,0.263,0.868,5.53,Yawning
08:14:03,0.241,0.926,5.1,Eyes Closed
08:14:03,0.248,0.839,5.86,Eyes Closed
08:14:03,0.231,0.81,5.13,Eyes Closed
08:14:03,0.27,0.842,5.49,Yawning
08:14:03,0.251,0.878,5.19,Yawning
08:14:03,0.263,0.9,5.16,Yawning
08:14:03,0.249,0.871,4.76,Eyes Closed
08:14:03,0.232,0.84,4.76,Eyes Closed
08:14:03,0.219,0.897,4.79,Eyes Closed
08:14:03,0.208,0.863,4.76,Eyes Closed
08:14:03,0.223,0.832,5.13,Eyes Closed
08:14:03,0.242,0.865,5.49,Eyes Closed
08:14:03,0.264,0.83,4.43,Yawning
08:14:03,0.251,0.879,4.79,Yawning
08:14:03,0.247,0.87,4.4,Eyes Closed
08:14:03,0.257,0.852,5.16,Yawning
08:14:03,0.271,0.85,4.76,Yawning
08:14:03,0.255,0.897,5.13,Yawning
08:14:03,0.256,0.864,5.13,Yawning
08:14:03,0.252,0.863,4.79,Yawning
08:14:03,0.254,0.832,5.13,Yawning
08:14:03,0.224,0.878,4.76,Eyes Closed
08:14:03,0.233,0.897,5.16,Eyes Closed
08:14:03,0.22,0.855,4.79,Eyes Closed
08:14:04,0.248,0.884,4.83,Eyes Closed
08:14:04,0.259,0.871,4.76,Yawning
08:14:04,0.244,0.881,5.13,Eyes Closed
08:14:04,0.243,0.86,4.79,Eyes Closed
08:14:04,0.248,0.855,4.76,Eyes Closed
08:14:04,0.252,0.871,4.79,Yawning
08:14:04,0.247,0.848,4.76,Eyes Closed
08:14:04,0.251,0.832,5.13,Yawning
08:14:04,0.258,0.86,4.79,Yawning
08:14:04,0.25,0.865,5.49,Yawning
08:14:04,0.271,0.87,5.13,Yawning
08:14:04,0.244,0.855,5.46,Eyes Closed
08:14:04,0.248,0.863,5.16,Eyes Closed
08:14:04,0.232,0.863,5.53,Eyes Closed
08:14:04,0.248,0.832,4.79,Eyes Closed
08:14:04,0.235,0.885,4.79,Eyes Closed
08:14:04,0.233,0.82,5.16,Eyes Closed
08:14:04,0.258,0.845,5.19,Yawning
08:14:04,0.246,0.9,5.13,Eyes Closed
08:14:04,0.266,0.863,5.53,Yawning
08:14:04,0.251,0.835,5.53,Yawning
08:14:04,0.256,0.868,4.79,Yawning
08:14:04,0.24,0.86,4.43,Eyes Closed
08:14:04,0.25,0.879,5.19,Yawning
08:14:04,0.255,0.91,4.79,Yawning
08:14:04,0.267,0.904,5.13,Yawning
08:14:04,0.242,0.888,4.76,Eyes Closed
08:14:04,0.266,0.864,5.53,Yawning
08:14:04,0.267,0.865,4.79,Yawning
08:14:04,0.237,0.863,4.79,Eyes Closed
08:14:05,0.233,0.817,4.79,Eyes Closed
08:14:05,0.239,0.865,5.13,Eyes Closed
08:14:05,0.24,0.868,5.16,Eyes Closed
08:14:05,0.242,0.888,5.16,Eyes Closed
08:14:05,0.259,0.839,4.76,Yawning
08:14:05,0.256,0.85,5.16,Yawning
08:14:05,0.259,0.839,4.79,Yawning
08:14:05,0.238,0.884,4.83,Eyes Closed
08:14:05,0.238,0.871,4.79,Eyes Closed
08:14:05,0.237,0.823,5.19,Eyes Closed
08:14:05,0.247,0.895,4.79,Eyes Closed
08:14:05,0.251,0.852,5.16,Yawning
08:14:05,0.239,0.904,5.16,Eyes Closed
08:14:05,0.244,0.874,5.16,Eyes Closed
08:14:05,0.249,0.909,5.53,Eyes Closed
08:14:05,0.255,0.887,5.13,Yawning
08:14:05,0.222,0.878,4.79,Eyes Closed
08:14:05,0.239,0.884,4.76,Eyes Closed
08:14:05,0.255,0.888,5.13,Yawning
08:14:05,0.274,0.863,5.16,Yawning
08:14:05,0.255,0.832,5.13,Yawning
08:14:05,0.245,0.881,5.16,Eyes Closed
08:14:05,0.235,0.84,5.13,Eyes Closed
08:14:05,0.26,0.858,5.49,Yawning
08:14:05,0.252,0.859,5.56,Yawning
08:14:05,0.244,0.897,4.43,Eyes Closed
08:14:05,0.245,0.817,5.16,Eyes Closed
08:14:05,0.255,0.839,5.16,Yawning
08:14:06,0.251,0.884,5.16,Yawning
08:14:06,0.264,0.826,5.16,Yawning
08:14:06,0.25,0.919,5.13,Yawning
08:14:06,0.262,0.839,5.16,Yawning
08:14:06,0.264,0.819,5.13,Yawning
08:14:06,0.27,0.897,5.49,Yawning
08:14:06,0.245,0.884,5.19,Eyes Closed
08:14:06,0.267,0.875,5.53,Yawning
08:14:06,0.26,0.884,5.16,Yawning
08:14:06,0.25,0.88,4.46,Yawning
08:14:06,0.24,0.875,5.13,Eyes Closed
08:14:06,0.266,0.871,4.83,Yawning
08:14:06,0.261,0.838,5.16,Yawning
08:14:06,0.252,0.884,4.76,Yawning
08:14:06,0.255,0.897,5.16,Yawning
08:14:06,0.228,0.887,4.79,Eyes Closed
08:14:06,0.215,0.858,5.16,Eyes Closed
08:14:06,0.263,0.881,4.79,Yawning
08:14:06,0.25,0.845,5.19,Eyes Closed
08:14:06,0.269,0.832,4.79,Yawning
08:14:06,0.254,0.86,4.79,Yawning
08:14:06,0.267,0.842,5.53,Yawning
08:14:06,0.267,0.858,4.79,Yawning
08:14:06,0.266,0.82,4.79,Yawning
08:14:06,0.254,0.903,5.13,Yawning
08:14:06,0.239,0.88,5.13,Eyes Closed
08:14:06,0.241,0.865,5.13,Eyes Closed
08:14:06,0.252,0.881,4.79,Yawning
08:14:06,0.264,0.842,5.53,Yawning
08:14:06,0.242,0.873,5.16,Eyes Closed
08:14:06,0.254,0.839,4.79,Yawning
08:14:07,0.227,0.852,5.13,Eyes Closed
08:14:07,0.247,0.871,5.13,Eyes Closed
08:14:07,0.254,0.936,5.13,Yawning
08:14:07,0.238,0.884,5.13,Eyes Closed
08:14:07,0.237,0.85,4.79,Eyes Closed
08:14:07,0.233,0.894,5.16,Eyes Closed
08:14:07,0.217,0.905,5.16,Eyes Closed
08:14:07,0.234,0.84,4.79,Eyes Closed
08:14:07,0.239,0.902,5.16,Eyes Closed
08:14:07,0.251,0.871,4.79,Yawning
08:14:07,0.239,0.852,5.19,Eyes Closed
08:14:07,0.254,0.862,4.79,Yawning
08:14:07,0.259,0.89,5.53,Yawning
08:14:07,0.244,0.89,5.13,Eyes Closed
08:14:07,0.267,0.857,5.13,Yawning
08:14:07,0.27,0.906,5.1,Yawning
08:14:07,0.263,0.852,5.1,Yawning
08:14:07,0.25,0.897,4.4,Eyes Closed
08:14:07,0.252,0.884,5.13,Yawning
08:14:07,0.246,0.821,5.49,Eyes Closed
08:14:07,0.258,0.813,4.4,Yawning
08:14:07,0.275,0.794,4.4,Yawning
08:14:07,0.259,0.868,4.43,Yawning
08:14:07,0.26,0.86,4.76,Yawning
08:14:07,0.263,0.868,4.4,Yawning
08:14:07,0.247,0.858,4.76,Eyes Closed
08:14:07,0.264,0.852,5.13,Yawning
08:14:07,0.266,0.85,4.37,Yawning
08:14:07,0.262,0.83,4.34,Yawning
08:14:07,0.29,0.85,4.76,Yawning
08:14:08,0.286,0.852,4.4,Yawning
08:14:08,0.285,0.876,4.37,Yawning
08:14:08,0.27,0.863,4.79,Yawning
08:14:08,0.27,0.861,3.64,Yawning
08:14:08,0.277,0.832,4.76,Yawning
08:14:08,0.261,0.85,4.4,Yawning
08:14:08,0.264,0.879,4.03,Yawning
08:14:08,0.258,0.879,4.01,Yawning
08:14:08,0.262,0.876,4.73,Yawning
08:14:08,0.263,0.87,4.03,Yawning
08:14:08,0.262,0.863,4.03,Yawning
08:14:08,0.259,0.87,3.67,Yawning
08:14:08,0.251,0.87,4.03,Yawning
08:14:08,0.254,0.863,4.03,Yawning
08:14:08,0.251,0.855,4.09,Yawning
08:14:08,0.27,0.822,4.03,Yawning
08:14:08,0.262,0.873,4.01,Yawning
08:14:08,0.239,0.882,3.62,Eyes Closed
08:14:08,0.258,0.852,4.01,Yawning
08:14:08,0.254,0.892,4.76,Yawning
08:14:08,0.22,0.892,4.34,Eyes Closed
08:14:08,0.182,0.863,4.03,Eyes Closed
08:14:08,0.193,0.876,4.03,Eyes Closed
08:14:08,0.193,0.879,3.67,Eyes Closed
08:14:08,0.196,0.879,3.67,Eyes Closed
08:14:08,0.201,0.82,4.03,Eyes Closed
08:14:08,0.177,0.855,4.01,Eyes Closed
08:14:08,0.19,0.905,4.4,Eyes Closed
08:14:08,0.19,0.92,4.01,Eyes Closed
08:14:08,0.204,0.893,4.01,Eyes Closed
08:14:09,0.223,0.868,4.06,Eyes Closed
08:14:09,0.197,0.876,4.01,Eyes Closed
08:14:09,0.183,0.865,3.32,Eyes Closed
08:14:09,0.217,0.832,3.67,Eyes Closed
08:14:09,0.209,0.845,3.67,Eyes Closed
08:14:09,0.208,0.881,3.64,Eyes Closed
08:14:09,0.201,0.884,3.67,Eyes Closed
08:14:09,0.209,0.879,3.32,Eyes Closed
08:14:09,0.201,0.958,3.64,Eyes Closed
08:14:09,0.198,0.892,3.69,Eyes Closed
08:14:09,0.228,0.883,3.67,Eyes Closed
08:14:09,0.247,0.892,3.3,Eyes Closed
08:14:09,0.271,0.857,4.06,Yawning
08:14:09,0.248,0.872,3.28,Eyes Closed
08:14:09,0.247,0.857,3.64,Eyes Closed
08:14:09,0.251,0.879,3.69,Yawning
08:14:09,0.277,0.829,3.98,Yawning
08:14:09,0.245,0.818,3.64,Eyes Closed
08:14:09,0.262,0.86,2.9,Yawning
08:14:09,0.262,0.878,3.64,Yawning
08:14:09,0.247,0.879,3.69,Eyes Closed
08:14:09,0.28,0.874,3.67,Yawning
08:14:09,0.263,0.845,3.98,Yawning
08:14:09,0.251,0.899,3.22,Yawning
08:14:09,0.274,0.866,3.6,Yawning
08:14:09,0.26,0.866,3.98,Yawning
08:14:09,0.287,0.863,3.6,Yawning
08:14:09,0.28,0.828,3.6,Yawning
08:14:09,0.275,0.886,3.22,Yawning
08:14:09,0.292,0.873,3.55,Yawning
08:14:09,0.312,0.828,2.86,Yawning
08:14:10,0.308,0.841,4.32,Yawning
08:14:10,0.304,0.863,3.91,Yawning
08:14:10,0.3,0.871,3.22,Yawning
08:14:10,0.298,0.893,3.2,Yawning
08:14:10,0.291,0.867,3.2,Yawning
08:14:10,0.291,0.88,3.2,Yawning
08:14:10,0.305,0.868,2.84,Yawning
08:14:10,0.302,0.898,3.22,Yawning
08:14:10,0.295,0.872,3.58,Yawning
08:14:10,0.294,0.872,3.58,Yawning
08:14:10,0.295,0.896,3.58,Yawning
08:14:10,0.31,0.868,3.2,Yawning
08:14:10,0.293,0.89,3.58,Yawning
08:14:10,0.306,0.863,3.58,Yawning
08:14:10,0.311,0.868,3.55,Yawning
08:14:10,0.296,0.871,3.93,Yawning
08:14:10,0.309,0.873,3.55,Yawning
08:14:10,0.317,0.856,3.96,Yawning
08:14:10,0.298,0.858,4.29,Yawning
08:14:10,0.295,0.848,3.58,Yawning
08:14:10,0.297,0.878,3.55,Yawning
08:14:10,0.291,0.849,3.2,Yawning
08:14:10,0.316,0.868,3.22,Yawning
08:14:10,0.272,0.909,3.22,Yawning
08:14:10,0.3,0.865,3.22,Yawning
08:14:10,0.309,0.885,3.22,Yawning
08:14:10,0.288,0.85,3.6,Yawning
08:14:10,0.278,0.85,3.6,Yawning
08:14:10,0.188,0.906,3.22,Eyes Closed
08:14:11,0.16,0.876,3.98,Eyes Closed
08:14:11,0.168,0.852,3.96,Eyes Closed
08:14:11,0.197,0.871,3.24,Eyes Closed
08:14:11,0.264,0.874,3.62,Yawning
08:14:11,0.253,0.914,3.26,Yawning
08:14:11,0.25,0.873,3.62,Yawning
08:14:11,0.264,0.854,3.26,Yawning
08:14:11,0.273,0.884,3.62,Yawning
08:14:11,0.261,0.911,3.62,Yawning
08:14:11,0.271,0.863,3.64,Yawning
08:14:11,0.288,0.914,4.34,Yawning
08:14:11,0.271,0.845,3.98,Yawning
08:14:11,0.279,0.838,3.28,Yawning
08:14:11,0.285,0.884,3.98,Yawning
08:14:11,0.269,0.825,3.24,Yawning
08:14:11,0.26,0.861,3.24,Yawning
08:14:11,0.264,0.871,3.64,Yawning
08:14:11,0.268,0.839,3.6,Yawning
08:14:11,0.283,0.858,3.98,Yawning
08:14:11,0.274,0.838,3.98,Yawning
08:14:11,0.29,0.839,4.01,Yawning
08:14:11,0.28,0.831,3.62,Yawning
08:14:11,0.275,0.871,4.01,Yawning
08:14:11,0.273,0.81,3.62,Yawning
08:14:11,0.29,0.833,3.62,Yawning
08:14:11,0.281,0.872,3.24,Yawning
08:14:11,0.258,0.855,3.62,Yawning
08:14:11,0.26,0.853,3.67,Yawning
08:14:11,0.278,0.874,3.64,Yawning
08:14:11,0.277,0.854,3.64,Yawning
08:14:11,0.252,0.853,3.98,Yawning
08:14:12,0.266,0.828,4.01,Yawning
08:14:12,0.279,0.879,3.62,Yawning
08:14:12,0.271,0.853,3.62,Yawning
08:14:12,0.278,0.841,4.34,Yawning
08:14:12,0.273,0.855,3.98,Yawning
08:14:12,0.281,0.827,3.98,Yawning
08:14:12,0.282,0.841,3.98,Yawning
08:14:12,0.279,0.843,4.01,Yawning
08:14:12,0.262,0.83,3.26,Yawning
08:14:12,0.283,0.878,3.26,Yawning
08:14:12,0.274,0.873,3.26,Yawning
08:14:12,0.286,0.843,3.98,Yawning
08:14:12,0.279,0.874,3.67,Yawning
08:14:12,0.27,0.852,3.62,Yawning
08:14:12,0.273,0.854,3.62,Yawning
08:14:12,0.291,0.855,3.64,Yawning
08:14:12,0.286,0.886,4.01,Yawning
08:14:12,0.278,0.874,3.62,Yawning
08:14:12,0.263,0.865,3.64,Yawning
08:14:12,0.278,0.873,3.64,Yawning
08:14:12,0.291,0.874,3.64,Yawning
08:14:12,0.254,0.914,3.26,Yawning
08:14:12,0.153,0.877,3.98,Eyes Closed
08:14:12,0.141,0.918,4.01,Eyes Closed
08:14:12,0.177,0.906,3.28,Eyes Closed
08:14:12,0.213,0.892,2.92,Eyes Closed
08:14:12,0.235,0.879,3.62,Eyes Closed
08:14:12,0.269,0.859,3.28,Yawning
08:14:12,0.254,0.873,3.67,Yawning
08:14:13,0.25,0.857,4.03,Eyes Closed
08:14:13,0.267,0.878,3.62,Yawning
08:14:13,0.284,0.86,3.62,Yawning
08:14:13,0.263,0.872,3.64,Yawning
08:14:13,0.275,0.876,3.62,Yawning
08:14:13,0.273,0.866,3.98,Yawning
08:14:13,0.271,0.889,4.37,Yawning
08:14:13,0.262,0.891,3.98,Yawning
08:14:13,0.29,0.869,4.03,Yawning
08:14:13,0.281,0.856,3.98,Yawning
08:14:13,0.267,0.857,4.4,Yawning
08:14:13,0.285,0.868,4.01,Yawning
08:14:13,0.271,0.855,4.34,Yawning
08:14:13,0.271,0.855,3.98,Yawning
08:14:13,0.21,0.863,4.01,Eyes Closed
08:14:13,0.138,0.852,4.37,Eyes Closed
08:14:13,0.094,0.9,4.37,Eyes Closed
08:14:13,0.184,0.881,4.01,Eyes Closed
08:14:13,0.207,0.931,3.96,Eyes Closed
08:14:13,0.236,0.868,4.4,Eyes Closed
08:14:13,0.244,0.887,4.34,Eyes Closed
08:14:13,0.237,0.855,4.73,Eyes Closed
08:14:13,0.238,0.874,3.64,Eyes Closed
08:14:13,0.139,0.843,4.76,Eyes Closed
08:14:13,0.121,0.855,4.03,Eyes Closed
08:14:13,0.142,0.857,4.01,Eyes Closed
08:14:13,0.209,0.881,3.67,Eyes Closed
08:14:13,0.246,0.887,4.03,Eyes Closed
08:14:13,0.268,0.916,4.37,Yawning
08:14:13,0.267,0.855,4.37,Yawning
08:14:14,0.268,0.853,4.37,Yawning
08:14:14,0.261,0.855,4.37,Yawning
08:14:14,0.267,0.879,4.01,Yawning
08:14:14,0.265,0.855,3.98,Yawning
08:14:14,0.279,0.855,4.01,Yawning
08:14:14,0.266,0.874,4.34,Yawning
08:14:14,0.261,0.861,3.62,Yawning
08:14:14,0.282,0.879,3.28,Yawning
08:14:14,0.263,0.834,3.62,Yawning
08:14:14,0.281,0.876,3.64,Yawning
08:14:14,0.273,0.863,4.01,Yawning
08:14:14,0.289,0.861,4.01,Yawning
08:14:14,0.273,0.9,3.62,Yawning
08:14:14,0.216,0.803,4.73,Eyes Closed
08:14:14,0.107,0.855,4.01,Eyes Closed
08:14:14,0.108,0.857,4.03,Eyes Closed
08:14:14,0.12,0.866,3.64,Eyes Closed
08:14:14,0.099,0.881,4.73,Eyes Closed
08:14:14,0.106,0.866,4.37,Eyes Closed
08:14:14,0.108,0.866,3.64,Eyes Closed
08:14:14,0.143,0.855,4.01,Eyes Closed
08:14:14,0.222,0.916,3.64,Eyes Closed
08:14:14,0.237,0.887,3.98,Eyes Closed
08:14:14,0.246,0.873,4.37,Eyes Closed
08:14:14,0.25,0.873,3.64,Yawning
08:14:14,0.253,0.873,3.62,Yawning
08:14:14,0.26,0.873,3.26,Yawning
08:14:14,0.27,0.853,3.98,Yawning
08:14:14,0.254,0.855,3.98,Yawning
08:14:14,0.264,0.848,4.01,Yawning
08:14:15,0.272,0.852,4.01,Yawning
08:14:15,0.282,0.857,3.62,Yawning
08:14:15,0.271,0.858,3.62,Yawning
08:14:15,0.274,0.852,4.01,Yawning
08:14:15,0.27,0.881,3.98,Yawning
08:14:15,0.25,0.861,3.64,Eyes Closed
08:14:15,0.25,0.847,3.28,Eyes Closed
08:14:15,0.284,0.831,3.67,Yawning
08:14:15,0.281,0.861,3.98,Yawning
08:14:15,0.278,0.874,3.62,Yawning
08:14:15,0.275,0.917,3.26,Yawning
08:14:15,0.285,0.881,3.28,Yawning
08:14:15,0.274,0.868,3.64,Yawning
08:14:15,0.284,0.854,3.64,Yawning
08:14:15,0.27,0.843,3.64,Yawning
08:14:15,0.271,0.857,4.01,Yawning
08:14:15,0.282,0.853,3.64,Yawning
08:14:15,0.278,0.866,3.96,Yawning
08:14:15,0.281,0.868,4.34,Yawning
08:14:15,0.274,0.879,3.6,Yawning
08:14:15,0.282,0.855,3.96,Yawning
08:14:15,0.274,0.893,3.26,Yawning
08:14:15,0.279,0.854,3.98,Yawning
08:14:15,0.289,0.86,3.98,Yawning
08:14:15,0.25,0.878,3.62,Eyes Closed
08:14:15,0.277,0.876,3.64,Yawning
08:14:15,0.296,0.887,3.96,Yawning
08:14:15,0.28,0.889,3.98,Yawning
08:14:15,0.286,0.874,3.64,Yawning
08:14:15,0.287,0.891,3.98,Yawning
08:14:15,0.287,0.893,3.96,Yawning
08:14:16,0.283,0.83,4.01,Yawning
08:14:16,0.297,0.839,4.37,Yawning
08:14:16,0.288,0.827,4.37,Yawning
08:14:16,0.29,0.879,3.98,Yawning
08:14:16,0.274,0.892,3.98,Yawning
08:14:16,0.285,0.888,3.96,Yawning
08:14:16,0.274,0.881,4.01,Yawning
08:14:16,0.289,0.881,3.67,Yawning
08:14:16,0.297,0.889,3.6,Yawning
08:14:16,0.289,0.887,3.62,Yawning
08:14:16,0.289,0.873,2.92,Yawning
08:14:16,0.26,0.853,3.64,Yawning
08:14:16,0.28,0.879,4.01,Yawning
08:14:16,0.266,0.879,3.67,Yawning
08:14:16,0.27,0.855,4.34,Yawning
08:14:16,0.258,0.901,3.98,Yawning
08:14:16,0.292,0.853,3.62,Yawning
08:14:16,0.274,0.841,3.26,Yawning
08:14:16,0.289,0.881,3.64,Yawning
08:14:16,0.271,0.854,3.98,Yawning
08:14:16,0.269,0.859,4.01,Yawning
08:14:16,0.281,0.866,4.01,Yawning
08:14:16,0.279,0.841,4.34,Yawning
08:14:16,0.287,0.854,3.64,Yawning
08:14:16,0.277,0.859,4.01,Yawning
08:14:16,0.279,0.845,3.98,Yawning
08:14:16,0.287,0.853,4.34,Yawning
08:14:16,0.278,0.87,3.6,Yawning
08:14:16,0.273,0.866,3.28,Yawning
08:14:16,0.286,0.855,3.96,Yawning
08:14:17,0.276,0.888,3.62,Yawning
08:14:17,0.274,0.852,3.98,Yawning
08:14:17,0.279,0.874,4.01,Yawning
08:14:17,0.281,0.828,3.62,Yawning
08:14:17,0.292,0.852,4.37,Yawning
08:14:17,0.282,0.859,4.37,Yawning
08:14:17,0.281,0.853,3.98,Yawning
08:14:17,0.274,0.876,3.98,Yawning
08:14:17,0.28,0.871,4.37,Yawning
08:14:17,0.268,0.853,4.01,Yawning
08:14:17,0.27,0.877,3.62,Yawning
08:14:17,0.284,0.86,3.98,Yawning
08:14:17,0.284,0.872,3.98,Yawning
08:14:17,0.284,0.854,4.34,Yawning
08:14:17,0.274,0.853,3.62,Yawning
08:14:17,0.29,0.857,3.62,Yawning
08:14:17,0.293,0.881,4.4,Yawning
08:14:17,0.27,0.853,3.62,Yawning
08:14:17,0.291,0.852,3.26,Yawning
08:14:17,0.254,0.86,4.34,Yawning
08:14:17,0.273,0.895,3.62,Yawning
08:14:17,0.282,0.852,4.01,Yawning
08:14:17,0.274,0.892,3.98,Yawning
08:14:17,0.282,0.83,3.98,Yawning
08:14:17,0.285,0.828,4.34,Yawning
08:14:17,0.271,0.879,3.62,Yawning
08:14:17,0.286,0.874,3.98,Yawning
08:14:17,0.245,0.854,4.37,Eyes Closed
08:14:17,0.272,0.855,4.01,Yawning
08:14:17,0.273,0.886,3.62,Yawning
08:14:18,0.266,0.888,3.98,Yawning
08:14:18,0.277,0.861,3.6,Yawning
08:14:18,0.264,0.824,4.34,Yawning
08:14:18,0.263,0.89,3.98,Yawning
08:14:18,0.276,0.872,3.98,Yawning
08:14:18,0.252,0.89,3.62,Yawning
08:14:18,0.264,0.901,3.98,Yawning
08:14:18,0.271,0.85,4.01,Yawning
08:14:18,0.259,0.853,3.96,Yawning
08:14:18,0.266,0.878,3.64,Yawning
08:14:18,0.252,0.866,3.62,Yawning
08:14:18,0.256,0.888,3.98,Yawning
08:14:18,0.262,0.816,3.62,Yawning
08:14:18,0.283,0.859,4.01,Yawning
08:14:18,0.267,0.889,3.98,Yawning
08:14:18,0.296,0.864,4.01,Yawning
08:14:18,0.298,0.818,3.98,Yawning
08:14:18,0.278,0.874,3.62,Yawning
08:14:18,0.286,0.866,4.01,Yawning
08:14:18,0.27,0.856,3.98,Yawning
08:14:18,0.28,0.85,3.98,Yawning
08:14:18,0.269,0.87,3.98,Yawning
08:14:18,0.29,0.821,3.98,Yawning
08:14:18,0.297,0.853,4.01,Yawning
08:14:18,0.282,0.846,3.98,Yawning
08:14:18,0.29,0.874,3.96,Yawning
08:14:18,0.282,0.847,3.98,Yawning
08:14:18,0.263,0.854,4.01,Yawning
08:14:18,0.277,0.837,4.01,Yawning
08:14:19,0.194,0.859,4.01,Eyes Closed
08:14:19,0.165,0.901,3.3,Eyes Closed
08:14:19,0.168,0.873,3.3,Eyes Closed
08:14:19,0.193,0.856,3.64,Eyes Closed
08:14:19,0.222,0.892,4.01,Eyes Closed
08:14:19,0.246,0.927,3.64,Eyes Closed
08:14:19,0.274,0.877,3.26,Yawning
08:14:19,0.247,0.862,3.26,Eyes Closed
08:14:19,0.29,0.827,4.01,Yawning
08:14:19,0.263,0.855,3.64,Yawning
08:14:19,0.263,0.866,3.98,Yawning
08:14:19,0.276,0.883,3.98,Yawning
08:14:19,0.263,0.87,3.96,Yawning
08:14:19,0.267,0.895,3.28,Yawning
08:14:19,0.259,0.857,3.64,Yawning
08:14:19,0.275,0.883,3.98,Yawning
08:14:19,0.256,0.857,3.64,Yawning
08:14:19,0.29,0.89,3.62,Yawning
08:14:19,0.263,0.877,3.26,Yawning
08:14:19,0.275,0.879,3.98,Yawning
08:14:19,0.276,0.845,4.4,Yawning
08:14:19,0.264,0.877,4.37,Yawning
08:14:19,0.251,0.828,3.62,Yawning
08:14:19,0.275,0.904,3.98,Yawning
08:14:19,0.279,0.852,3.98,Yawning
08:14:19,0.283,0.916,3.64,Yawning
08:14:19,0.265,0.914,3.26,Yawning
08:14:19,0.274,0.886,3.64,Yawning
08:14:19,0.281,0.843,3.98,Yawning
08:14:19,0.281,0.856,3.98,Yawning
08:14:20,0.264,0.832,4.34,Yawning
08:14:20,0.289,0.874,3.62,Yawning
08:14:20,0.263,0.874,3.98,Yawning
08:14:20,0.285,0.879,3.6,Yawning
08:14:20,0.288,0.929,4.37,Yawning
08:14:20,0.277,0.853,4.34,Yawning
08:14:20,0.277,0.9,3.96,Yawning
08:14:20,0.27,0.833,4.37,Yawning
08:14:20,0.279,0.879,3.6,Yawning
08:14:20,0.265,0.853,3.62,Yawning
08:14:20,0.277,0.848,4.37,Yawning
08:14:20,0.274,0.853,4.01,Yawning
08:14:20,0.275,0.86,3.96,Yawning
08:14:20,0.266,0.858,3.96,Yawning
08:14:20,0.289,0.86,4.32,Yawning
08:14:20,0.278,0.866,3.64,Yawning
08:14:20,0.266,0.858,3.26,Yawning
08:14:20,0.283,0.822,3.96,Yawning
08:14:20,0.268,0.841,3.96,Yawning
08:14:20,0.283,0.861,3.98,Yawning
08:14:20,0.266,0.853,3.6,Yawning
08:14:20,0.26,0.873,3.26,Yawning
08:14:20,0.285,0.865,3.62,Yawning
08:14:20,0.287,0.855,3.96,Yawning
08:14:20,0.277,0.843,3.96,Yawning
08:14:20,0.285,0.889,3.26,Yawning
08:14:20,0.267,0.889,3.28,Yawning
08:14:20,0.268,0.868,3.28,Yawning
08:14:20,0.282,0.839,3.96,Yawning
08:14:20,0.27,0.878,3.98,Yawning
08:14:21,0.257,0.852,3.64,Yawning
08:14:21,0.254,0.9,3.62,Yawning
08:14:21,0.263,0.881,3.6,Yawning
08:14:21,0.277,0.862,3.62,Yawning
08:14:21,0.276,0.893,3.62,Yawning
08:14:21,0.265,0.853,3.98,Yawning
08:14:21,0.283,0.855,3.6,Yawning
08:14:21,0.291,0.875,3.24,Yawning
08:14:21,0.284,0.907,3.24,Yawning
08:14:21,0.295,0.84,2.54,Yawning
08:14:21,0.286,0.845,2.54,Yawning
08:14:21,0.273,0.813,2.54,Yawning
08:14:21,0.285,0.798,3.24,Yawning
08:14:21,0.285,0.837,3.24,Yawning
08:14:21,0.285,0.807,3.24,Yawning
08:14:21,0.271,0.838,1.81,Yawning
08:14:21,0.291,0.853,3.24,Yawning
08:14:21,0.274,0.862,2.54,Yawning
08:14:21,0.277,0.869,2.54,Yawning
08:14:21,0.273,0.888,2.52,Yawning
08:14:21,0.259,0.857,2.16,Yawning
08:14:21,0.27,0.881,2.17,Yawning
08:14:21,0.279,0.885,2.17,Yawning
08:14:21,0.27,0.926,1.8,Yawning
08:14:21,0.248,0.909,1.46,Eyes Closed
08:14:21,0.258,0.921,2.19,Yawning
08:14:21,0.257,0.963,1.81,Yawning
08:14:21,0.263,0.891,1.82,Yawning
08:14:21,0.267,0.939,1.46,Yawning
08:14:21,0.243,0.895,1.46,Eyes Closed
08:14:21,0.243,0.925,2.2,Eyes Closed
08:14:22,0.253,0.974,2.19,Yawning
08:14:22,0.25,0.93,2.55,Yawning
08:14:22,0.243,0.929,1.82,Eyes Closed
08:14:22,0.254,1.004,2.57,Yawning
08:14:22,0.224,0.922,1.81,Eyes Closed
08:14:22,0.232,0.971,1.81,Eyes Closed
08:14:22,0.267,0.975,2.19,Yawning
08:14:22,0.241,0.956,2.16,Eyes Closed
08:14:22,0.233,0.922,1.82,Eyes Closed
08:14:22,0.248,0.962,1.82,Eyes Closed
08:14:22,0.255,0.94,2.19,Yawning
08:14:22,0.259,0.96,1.81,Yawning
08:14:22,0.246,0.971,0.73,Eyes Closed
08:14:22,0.252,0.89,1.81,Yawning
08:14:22,0.243,0.921,1.09,Eyes Closed
08:14:22,0.249,0.941,1.45,Eyes Closed
08:14:22,0.239,0.945,1.46,Eyes Closed
08:14:22,0.247,0.993,1.43,Eyes Closed
08:14:22,0.247,0.93,1.8,Eyes Closed
08:14:22,0.243,0.977,1.81,Eyes Closed
08:14:22,0.243,0.958,1.82,Eyes Closed
08:14:22,0.24,0.936,1.46,Eyes Closed
08:14:22,0.255,0.922,1.45,Yawning
08:14:22,0.244,0.919,1.82,Eyes Closed
08:14:22,0.259,0.914,1.09,Yawning
08:14:22,0.24,0.907,1.8,Eyes Closed
08:14:22,0.236,0.921,1.45,Eyes Closed
08:14:22,0.247,0.938,2.19,Eyes Closed
08:14:22,0.225,0.958,1.46,Eyes Closed
08:14:23,0.258,0.958,1.08,Yawning
08:14:23,0.247,0.954,1.43,Eyes Closed
08:14:23,0.247,0.921,1.43,Eyes Closed
08:14:23,0.239,0.936,2.52,Eyes Closed
08:14:23,0.259,0.948,1.81,Yawning
08:14:23,0.243,1.002,1.45,Eyes Closed
08:14:23,0.256,0.96,1.44,Yawning
08:14:23,0.243,0.894,0.72,Eyes Closed
08:14:23,0.236,0.942,1.07,Eyes Closed
08:14:23,0.24,0.93,1.07,Eyes Closed
08:14:23,0.247,0.945,1.43,Eyes Closed
08:14:23,0.235,0.957,1.8,Eyes Closed
08:14:23,0.256,0.943,1.82,Yawning
08:14:23,0.232,0.951,1.45,Eyes Closed
08:14:23,0.231,0.944,1.08,Eyes Closed
08:14:23,0.236,0.944,1.09,Eyes Closed
08:14:23,0.24,0.933,0.73,Eyes Closed
08:14:23,0.243,0.972,1.07,Eyes Closed
08:14:23,0.251,0.946,1.09,Yawning
08:14:23,0.251,0.958,0.73,Yawning
08:14:23,0.235,0.915,1.43,Eyes Closed
08:14:23,0.247,0.984,0.72,Eyes Closed
08:14:23,0.259,0.917,0.72,Yawning
08:14:23,0.249,0.929,1.08,Eyes Closed
08:14:23,0.27,0.951,1.09,Yawning
08:14:23,0.256,0.966,1.79,Yawning
08:14:23,0.234,0.923,0.72,Eyes Closed
08:14:23,0.251,0.927,1.09,Yawning
08:14:23,0.259,0.917,1.44,Yawning
08:14:23,0.252,0.907,1.81,Yawning
08:14:23,0.251,0.921,1.43,Yawning
08:14:24,0.243,0.93,1.81,Eyes Closed
08:14:24,0.248,0.947,0.72,Eyes Closed
08:14:24,0.243,0.914,0.72,Eyes Closed
08:14:24,0.236,1.001,1.44,Eyes Closed
08:14:24,0.24,0.957,2.16,Eyes Closed
08:14:24,0.243,0.977,1.44,Eyes Closed
08:14:24,0.244,0.956,1.45,Eyes Closed
08:14:24,0.243,0.926,1.09,Eyes Closed
08:14:24,0.224,0.903,1.09,Eyes Closed
08:14:24,0.23,0.944,1.81,Eyes Closed
08:14:24,0.236,0.958,0.73,Eyes Closed
08:14:24,0.251,0.962,1.09,Yawning
08:14:24,0.251,0.94,1.46,Yawning
08:14:24,0.224,0.911,1.82,Eyes Closed
08:14:24,0.232,0.933,1.42,Eyes Closed
08:14:24,0.244,0.948,1.09,Eyes Closed
08:14:24,0.212,0.907,1.45,Eyes Closed
08:14:24,0.239,0.924,1.09,Eyes Closed
08:14:24,0.228,0.946,0.73,Eyes Closed
08:14:24,0.229,0.965,0.71,Eyes Closed
08:14:24,0.232,0.939,1.09,Eyes Closed
08:14:24,0.247,0.909,0.73,Eyes Closed
08:14:24,0.251,0.949,1.09,Yawning
08:14:24,0.235,0.933,1.1,Eyes Closed
08:14:24,0.236,0.907,0.36,Eyes Closed
08:14:24,0.225,0.909,0.0,Eyes Closed
08:14:24,0.237,0.939,0.36,Eyes Closed
08:14:24,0.216,0.943,1.44,Eyes Closed
08:14:24,0.212,0.948,1.07,Eyes Closed
08:14:25,0.239,0.948,1.45,Eyes Closed
08:14:25,0.227,0.935,1.81,Eyes Closed
08:14:25,0.232,0.934,1.09,Eyes Closed
08:14:25,0.228,0.972,0.72,Eyes Closed
08:14:25,0.22,0.949,0.73,Eyes Closed
08:14:25,0.232,0.923,0.36,Eyes Closed
08:14:25,0.229,0.944,0.72,Eyes Closed
08:14:25,0.229,0.993,1.46,Eyes Closed
08:14:25,0.225,0.987,1.44,Eyes Closed
08:14:25,0.221,0.943,1.09,Eyes Closed
08:14:25,0.203,0.974,1.09,Eyes Closed
08:14:25,0.236,0.947,1.09,Eyes Closed
08:14:25,0.216,0.963,1.08,Eyes Closed
08:14:25,0.227,0.924,1.45,Eyes Closed
08:14:25,0.224,0.906,0.36,Eyes Closed
08:14:25,0.223,0.976,1.09,Eyes Closed
08:14:25,0.194,0.971,1.43,Eyes Closed
08:14:25,0.218,0.978,1.44,Eyes Closed
08:14:25,0.209,0.912,1.07,Eyes Closed
08:14:25,0.2,0.96,1.78,Eyes Closed
08:14:25,0.216,0.942,1.08,Eyes Closed
08:14:25,0.195,0.955,0.35,Eyes Closed
08:14:25,0.2,0.946,0.35,Eyes Closed
08:14:25,0.202,0.973,1.06,Eyes Closed
08:14:25,0.205,0.946,0.71,Eyes Closed
08:14:25,0.193,0.925,1.07,Eyes Closed
08:14:25,0.202,0.941,2.9,Eyes Closed
08:14:25,0.216,0.975,4.7,Eyes Closed
08:14:25,0.211,0.943,6.86,Eyes Closed
08:14:25,0.227,0.985,8.18,Eyes Closed
08:14:26,0.221,1.004,8.99,Eyes Closed
08:14:26,0.211,0.934,12.3,Eyes Closed
08:14:26,0.192,0.939,14.21,Eyes Closed
08:14:26,0.197,0.887,15.75,Eyes Closed
08:14:26,0.205,0.959,17.44,Eyes Closed
08:14:26,0.163,0.901,18.1,Eyes Closed
08:14:26,0.203,0.906,20.64,Eyes Closed
08:14:26,0.236,0.879,21.93,Eyes Closed
08:14:26,0.177,0.943,23.29,Eyes Closed
08:14:26,0.207,0.88,24.07,Eyes Closed
08:14:26,0.198,0.898,24.58,Eyes Closed
08:14:26,0.184,0.912,25.18,Eyes Closed
08:14:26,0.2,0.907,26.26,Eyes Closed
08:14:26,0.227,0.89,27.33,Eyes Closed
08:14:26,0.212,0.886,27.76,Eyes Closed
08:14:26,0.221,0.916,28.99,Eyes Closed
08:14:26,0.215,0.962,28.39,Eyes Closed
08:14:26,0.217,0.905,29.49,Eyes Closed
08:14:26,0.216,0.903,30.04,Eyes Closed
08:14:26,0.204,0.915,31.43,Eyes Closed
08:14:26,0.17,0.913,31.93,Eyes Closed
08:14:26,0.194,0.925,32.29,Eyes Closed
08:14:26,0.194,0.942,32.86,Eyes Closed
08:14:26,0.188,0.942,33.5,Eyes Closed
08:14:26,0.19,0.929,34.15,Eyes Closed
08:14:26,0.179,0.897,33.96,Eyes Closed
08:14:26,0.193,0.86,34.61,Eyes Closed
08:14:26,0.211,0.888,34.34,Eyes Closed
08:14:26,0.163,0.914,34.97,Eyes Closed
08:14:26,0.187,0.881,34.97,Eyes Closed
08:14:27,0.207,0.887,35.88,Eyes Closed
08:14:27,0.218,0.848,34.78,Eyes Closed
08:14:27,0.218,0.812,35.07,Eyes Closed
08:14:27,0.224,0.815,34.15,Eyes Closed
08:14:27,0.226,0.776,33.69,Eyes Closed
08:14:27,0.191,0.768,32.39,Eyes Closed
08:14:27,0.204,0.851,32.47,Eyes Closed
08:14:27,0.215,0.772,30.16,Eyes Closed
08:14:27,0.201,0.824,29.87,Eyes Closed
08:14:27,0.178,0.821,27.93,Eyes Closed
08:14:27,0.184,0.805,26.41,Eyes Closed
08:14:27,0.198,0.826,24.58,Eyes Closed
08:14:27,0.207,0.823,21.67,Eyes Closed
08:14:27,0.189,0.885,19.63,Eyes Closed
08:14:27,0.204,0.886,18.1,Eyes Closed
08:14:27,0.22,0.879,15.22,Eyes Closed
08:14:27,0.209,0.882,12.76,Eyes Closed
08:14:27,0.23,0.89,9.93,Eyes Closed
08:14:27,0.229,0.931,8.48,Eyes Closed
08:14:27,0.234,0.849,7.0,Eyes Closed
08:14:27,0.224,0.818,3.86,Eyes Closed
08:14:27,0.219,0.868,3.49,Eyes Closed
08:14:27,0.244,0.872,0.0,Eyes Closed
08:14:27,0.23,0.816,2.11,Eyes Closed
08:14:27,0.243,0.827,4.53,Eyes Closed
08:14:27,0.239,0.833,6.34,Eyes Closed
08:14:27,0.183,0.851,8.88,Eyes Closed
08:14:27,0.25,0.827,10.97,Yawning
08:14:27,0.26,0.827,12.84,Yawning
08:14:27,0.257,0.888,14.12,Yawning
08:14:28,0.256,0.823,15.9,Yawning
08:14:28,0.239,0.844,16.33,Eyes Closed
08:14:28,0.268,0.82,17.1,Yawning
08:14:28,0.271,0.846,19.32,Yawning
08:14:28,0.273,0.823,21.93,Yawning
08:14:28,0.294,0.851,22.59,Yawning
08:14:28,0.29,0.854,23.43,Yawning
08:14:28,0.267,0.878,23.24,Yawning
08:14:28,0.288,0.846,24.03,Yawning
08:14:28,0.257,0.844,23.57,Yawning
08:14:28,0.274,0.891,24.03,Yawning
08:14:28,0.276,0.885,23.24,Yawning
08:14:28,0.283,0.906,23.71,Yawning
08:14:28,0.264,0.913,23.71,Yawning
08:14:28,0.299,0.896,24.03,Yawning
08:14:28,0.277,0.907,23.71,Yawning
08:14:28,0.285,0.87,23.71,Yawning
08:14:28,0.299,0.911,23.57,Yawning
08:14:28,0.275,0.911,23.71,Yawning
08:14:28,0.3,0.926,23.24,Yawning
08:14:28,0.291,0.923,23.11,Yawning
08:14:28,0.304,0.875,23.11,Yawning
08:14:28,0.259,0.867,22.92,Yawning
08:14:28,0.263,0.867,22.92,Yawning
08:14:28,0.272,0.873,22.78,Yawning
08:14:28,0.282,0.916,22.46,Yawning
08:14:28,0.29,0.913,21.8,Yawning
08:14:28,0.281,0.926,22.13,Yawning
08:14:28,0.283,0.857,21.6,Yawning
08:14:28,0.302,0.897,20.68,Yawning
08:14:29,0.295,0.943,20.22,Yawning
08:14:29,0.28,0.931,19.89,Yawning
08:14:29,0.302,0.845,19.56,Yawning
08:14:29,0.304,0.909,19.56,Yawning
08:14:29,0.299,0.904,18.1,Yawning
08:14:29,0.278,0.917,17.76,Yawning
08:14:29,0.256,0.916,16.53,Yawning
08:14:29,0.282,0.92,15.75,Yawning
08:14:29,0.271,0.928,14.38,Yawning
08:14:29,0.276,0.938,13.18,Yawning
08:14:29,0.251,0.865,10.9,Yawning
08:14:29,0.261,0.867,8.94,Yawning
08:14:29,0.258,0.918,8.77,Yawning
08:14:29,0.25,0.869,7.78,Yawning
08:14:29,0.247,0.881,7.08,Eyes Closed
08:14:29,0.242,0.862,7.08,Eyes Closed
08:14:29,0.255,0.898,6.73,Yawning
08:14:29,0.264,0.896,6.23,Yawning
08:14:29,0.27,0.888,5.36,Yawning
08:14:29,0.278,0.923,4.65,Yawning
08:14:29,0.273,0.873,4.97,Yawning
08:14:29,0.264,0.89,4.24,Yawning
08:14:29,0.27,0.892,4.62,Yawning
08:14:29,0.259,0.885,3.88,Yawning
08:14:29,0.285,0.85,3.91,Yawning
08:14:29,0.277,0.843,3.88,Yawning
08:14:29,0.272,0.877,3.53,Yawning
08:14:29,0.286,0.859,3.53,Yawning
08:14:29,0.283,0.893,3.91,Yawning
08:14:29,0.297,0.866,3.53,Yawning
08:14:29,0.273,0.899,3.91,Yawning
08:14:30,0.28,0.886,3.53,Yawning
08:14:30,0.279,0.866,3.16,Yawning
08:14:30,0.292,0.824,3.84,Yawning
08:14:30,0.274,0.883,3.53,Yawning
08:14:30,0.259,0.856,4.62,Yawning
08:14:30,0.297,0.934,4.29,Yawning
08:14:30,0.289,0.893,4.26,Yawning
08:14:30,0.292,0.85,4.65,Yawning
08:14:30,0.288,0.899,4.56,Yawning
08:14:30,0.288,0.873,4.5,Yawning
08:14:30,0.293,0.878,4.85,Yawning
08:14:30,0.267,0.901,5.16,Yawning
08:14:30,0.22,0.839,5.85,Eyes Closed
08:14:30,0.201,0.881,6.19,Eyes Closed
08:14:30,0.193,0.885,6.19,Eyes Closed
08:14:30,0.248,0.855,5.74,Eyes Closed
08:14:30,0.255,0.867,5.41,Yawning
08:14:30,0.284,0.837,5.68,Yawning
08:14:30,0.282,0.874,4.65,Yawning
08:14:30,0.26,0.818,4.63,Yawning
08:14:30,0.272,0.877,5.28,Yawning
08:14:30,0.284,0.894,4.57,Yawning
08:14:30,0.283,0.863,4.3,Yawning
08:14:30,0.288,0.831,4.57,Yawning
08:14:30,0.299,0.875,4.6,Yawning
08:14:30,0.269,0.861,4.25,Yawning
08:14:30,0.281,0.921,4.57,Yawning
08:14:30,0.284,0.896,4.57,Yawning
08:14:30,0.291,0.903,3.92,Yawning
08:14:30,0.312,0.922,4.55,Yawning
08:14:31,0.309,0.884,4.25,Yawning
08:14:31,0.315,0.921,3.92,Yawning
08:14:31,0.307,0.907,3.6,Yawning
08:14:31,0.308,0.886,4.27,Yawning
08:14:31,0.292,0.861,3.64,Yawning
08:14:31,0.305,0.92,3.95,Yawning
08:14:31,0.294,0.896,3.6,Yawning
08:14:31,0.303,0.907,3.92,Yawning
08:14:31,0.311,0.828,4.3,Yawning
08:14:31,0.218,0.907,3.99,Eyes Closed
08:14:31,0.205,0.878,4.65,Eyes Closed
08:14:31,0.228,0.878,3.97,Eyes Closed
08:14:31,0.212,0.866,4.98,Eyes Closed
08:14:31,0.23,0.85,4.96,Eyes Closed
08:14:31,0.272,0.891,4.63,Yawning
08:14:31,0.28,0.883,4.3,Yawning
08:14:31,0.283,0.887,4.32,Yawning
08:14:31,0.285,0.861,4.25,Yawning
08:14:31,0.282,0.895,4.27,Yawning
08:14:31,0.274,0.863,4.27,Yawning
08:14:31,0.277,0.865,4.25,Yawning
08:14:31,0.28,0.884,4.93,Yawning
08:14:31,0.287,0.899,4.3,Yawning
08:14:31,0.279,0.85,4.27,Yawning
08:14:31,0.295,0.899,4.57,Yawning
08:14:31,0.27,0.856,4.9,Yawning
08:14:31,0.295,0.862,4.63,Yawning
08:14:31,0.305,0.901,5.61,Yawning
08:14:31,0.284,0.875,4.6,Yawning
08:14:32,0.288,0.866,4.6,Yawning
08:14:32,0.302,0.854,3.92,Yawning
08:14:32,0.307,0.899,4.57,Yawning
08:14:32,0.299,0.84,4.57,Yawning
08:14:32,0.302,0.869,4.9,Yawning
08:14:32,0.296,0.851,4.55,Yawning
08:14:32,0.304,0.861,4.57,Yawning
08:14:32,0.296,0.875,4.27,Yawning
08:14:32,0.298,0.903,4.22,Yawning
08:14:32,0.304,0.832,4.87,Yawning
08:14:32,0.31,0.863,4.57,Yawning
08:14:32,0.299,0.921,4.22,Yawning
08:14:32,0.308,0.837,4.87,Yawning
08:14:32,0.279,0.864,5.19,Yawning
08:14:32,0.307,0.907,4.52,Yawning
08:14:32,0.294,0.896,4.87,Yawning
08:14:32,0.306,0.871,4.9,Yawning
08:14:32,0.295,0.854,5.22,Yawning
08:14:32,0.298,0.883,4.57,Yawning
08:14:32,0.291,0.853,5.55,Yawning
08:14:32,0.294,0.895,5.19,Yawning
08:14:32,0.301,0.904,5.22,Yawning
08:14:32,0.289,0.904,5.22,Yawning
08:14:32,0.281,0.924,4.9,Yawning
08:14:32,0.289,0.9,4.93,Yawning
08:14:32,0.302,0.919,4.57,Yawning
08:14:32,0.296,0.872,4.57,Yawning
08:14:32,0.291,0.861,4.9,Yawning
08:14:32,0.277,0.868,5.22,Yawning
08:14:32,0.286,0.842,4.9,Yawning
08:14:32,0.285,0.895,4.9,Yawning
08:14:33,0.313,0.968,4.55,Yawning
08:14:33,0.289,0.899,4.57,Yawning
08:14:33,0.283,0.899,4.9,Yawning
08:14:33,0.271,0.89,4.93,Yawning
08:14:33,0.294,0.856,4.6,Yawning
08:14:33,0.288,0.825,4.57,Yawning
08:14:33,0.285,0.871,4.27,Yawning
08:14:33,0.285,0.859,4.93,Yawning
08:14:33,0.298,0.899,4.25,Yawning
08:14:33,0.292,0.885,4.55,Yawning
08:14:33,0.279,0.871,4.9,Yawning
08:14:33,0.28,0.907,4.25,Yawning
08:14:33,0.295,0.866,5.22,Yawning
08:14:33,0.3,0.825,4.93,Yawning
08:14:33,0.296,0.894,4.25,Yawning
08:14:33,0.278,0.854,4.93,Yawning
08:14:33,0.306,0.862,4.93,Yawning
08:14:33,0.283,0.863,4.93,Yawning
08:14:33,0.275,0.923,4.27,Yawning
08:14:33,0.284,0.863,4.6,Yawning
08:14:33,0.271,0.871,4.93,Yawning
08:14:33,0.293,0.929,4.57,Yawning
08:14:33,0.297,0.854,4.93,Yawning
08:14:33,0.292,0.862,4.93,Yawning
08:14:33,0.274,0.93,4.57,Yawning
08:14:33,0.289,0.899,4.22,Yawning
08:14:33,0.295,0.905,4.93,Yawning
08:14:33,0.277,0.905,4.57,Yawning
08:14:33,0.197,0.861,4.57,Eyes Closed
08:14:34,0.206,0.907,4.96,Eyes Closed
08:14:34,0.231,0.861,5.25,Eyes Closed
08:14:34,0.261,0.872,4.96,Yawning
08:14:34,0.262,0.941,3.95,Yawning
08:14:34,0.258,0.916,4.9,Yawning
08:14:34,0.264,0.897,4.6,Yawning
08:14:34,0.284,0.892,4.9,Yawning
08:14:34,0.303,0.831,4.9,Yawning
08:14:34,0.282,0.814,5.25,Yawning
08:14:34,0.289,0.854,4.55,Yawning
08:14:34,0.299,0.903,4.93,Yawning
08:14:34,0.286,0.83,5.25,Yawning
08:14:34,0.307,0.855,5.25,Yawning
08:14:34,0.295,0.87,4.55,Yawning
08:14:34,0.303,0.883,4.57,Yawning
08:14:34,0.302,0.859,4.93,Yawning
08:14:34,0.291,0.864,4.93,Yawning
08:14:34,0.287,0.891,4.57,Yawning
08:14:34,0.317,0.897,4.93,Yawning
08:14:34,0.304,0.862,4.93,Yawning
08:14:34,0.315,0.831,4.96,Yawning
08:14:34,0.299,0.894,4.96,Yawning
08:14:34,0.299,0.824,5.25,Yawning
08:14:34,0.282,0.895,4.93,Yawning
08:14:34,0.281,0.855,4.93,Yawning
08:14:34,0.279,0.824,4.6,Yawning
08:14:34,0.274,0.872,4.55,Yawning
08:14:34,0.168,0.847,5.25,Eyes Closed
08:14:34,0.162,0.835,4.63,Eyes Closed
08:14:34,0.131,0.859,5.25,Eyes Closed
08:14:35,0.153,0.928,4.6,Eyes Closed
08:14:35,0.221,0.878,4.96,Eyes Closed
08:14:35,0.241,0.897,4.63,Eyes Closed
08:14:35,0.273,0.895,3.95,Yawning
08:14:35,0.27,0.907,4.6,Yawning
08:14:35,0.297,0.866,4.65,Yawning
08:14:35,0.297,0.883,4.65,Yawning
08:14:35,0.271,0.893,4.93,Yawning
08:14:35,0.278,0.907,4.6,Yawning
08:14:35,0.29,0.904,4.93,Yawning
08:14:35,0.289,0.924,5.25,Yawning
08:14:35,0.292,0.869,4.27,Yawning
08:14:35,0.3,0.885,4.63,Yawning
08:14:35,0.292,0.868,4.57,Yawning
08:14:35,0.303,0.856,5.58,Yawning
08:14:35,0.297,0.843,4.6,Yawning
08:14:35,0.298,0.907,4.93,Yawning
08:14:35,0.296,0.856,4.93,Yawning
08:14:35,0.293,0.849,5.25,Yawning
08:14:35,0.304,0.84,4.57,Yawning
08:14:35,0.296,0.84,4.96,Yawning
08:14:35,0.312,0.885,4.93,Yawning
08:14:35,0.287,0.847,4.9,Yawning
08:14:35,0.286,0.848,4.63,Yawning
08:14:35,0.315,0.872,4.93,Yawning
08:14:35,0.302,0.916,4.6,Yawning
08:14:35,0.29,0.817,5.25,Yawning
08:14:35,0.286,0.848,4.93,Yawning
08:14:35,0.297,0.831,5.22,Yawning
08:14:35,0.322,0.845,4.93,Yawning
08:14:36,0.299,0.841,5.22,Yawning
08:14:36,0.298,0.904,5.58,Yawning
08:14:36,0.312,0.868,4.96,Yawning
08:14:36,0.294,0.849,5.25,Yawning
08:14:36,0.303,0.837,4.96,Yawning
08:14:36,0.284,0.895,4.6,Yawning
08:14:36,0.277,0.897,5.25,Yawning
08:14:36,0.292,0.892,5.58,Yawning
08:14:36,0.292,0.858,5.58,Yawning
08:14:36,0.301,0.855,4.6,Yawning
08:14:36,0.298,0.824,4.63,Yawning
08:14:36,0.286,0.84,4.93,Yawning
08:14:36,0.302,0.868,4.6,Yawning
08:14:36,0.283,0.863,5.28,Yawning
08:14:36,0.284,0.895,4.93,Yawning
08:14:36,0.303,0.862,4.27,Yawning
08:14:36,0.283,0.85,4.93,Yawning
08:14:36,0.291,0.858,5.25,Yawning
08:14:36,0.293,0.891,4.93,Yawning
08:14:36,0.283,0.878,4.93,Yawning
08:14:36,0.293,0.88,4.63,Yawning
08:14:36,0.296,0.89,5.25,Yawning
08:14:36,0.291,0.907,4.6,Yawning
08:14:36,0.29,0.854,4.6,Yawning
08:14:36,0.298,0.916,5.28,Yawning
08:14:36,0.291,0.884,4.93,Yawning
08:14:36,0.298,0.854,4.93,Yawning
08:14:36,0.292,0.858,4.27,Yawning
08:14:36,0.289,0.831,4.93,Yawning
08:14:36,0.29,0.868,4.9,Yawning
08:14:36,0.26,0.843,5.28,Yawning
08:14:37,0.145,0.825,5.61,Eyes Closed
08:14:37,0.134,0.88,5.28,Eyes Closed
08:14:37,0.166,0.878,5.31,Eyes Closed
08:14:37,0.231,0.891,5.31,Eyes Closed
08:14:37,0.258,0.892,4.63,Yawning
08:14:37,0.252,0.857,4.96,Yawning
08:14:37,0.264,0.891,5.61,Yawning
08:14:37,0.269,0.863,5.94,Yawning
08:14:37,0.271,0.875,4.93,Yawning
08:14:37,0.272,0.872,5.91,Yawning
08:14:37,0.272,0.881,5.64,Yawning
08:14:37,0.277,0.897,5.28,Yawning
08:14:37,0.292,0.93,4.65,Yawning
08:14:37,0.275,0.87,5.31,Yawning
08:14:37,0.27,0.837,4.93,Yawning
08:14:37,0.284,0.856,5.64,Yawning
08:14:37,0.297,0.85,5.31,Yawning
08:14:37,0.283,0.877,5.31,Yawning
08:14:37,0.289,0.869,5.97,Yawning
08:14:37,0.295,0.882,5.31,Yawning
08:14:37,0.331,0.825,5.68,Yawning
08:14:37,0.284,0.856,5.94,Yawning
08:14:37,0.291,0.867,5.28,Yawning
08:14:37,0.295,0.848,5.58,Yawning
08:14:37,0.291,0.852,5.64,Yawning
08:14:37,0.308,0.843,5.64,Yawning
08:14:37,0.285,0.927,5.64,Yawning
08:14:37,0.313,0.866,5.64,Yawning
08:14:37,0.296,0.834,5.97,Yawning
08:14:37,0.305,0.891,5.64,Yawning
08:14:38,0.304,0.861,5.31,Yawning
08:14:38,0.295,0.837,5.61,Yawning
08:14:38,0.317,0.848,5.68,Yawning
08:14:38,0.296,0.897,5.31,Yawning
08:14:38,0.284,0.899,5.64,Yawning
08:14:38,0.288,0.84,5.28,Yawning
08:14:38,0.262,0.902,6.3,Yawning
08:14:38,0.299,0.834,5.68,Yawning
08:14:38,0.275,0.865,5.38,Yawning
08:14:38,0.281,0.842,5.64,Yawning
08:14:38,0.293,0.842,5.68,Yawning
08:14:38,0.289,0.853,4.98,Yawning
08:14:38,0.287,0.892,6.38,Yawning
08:14:38,0.263,0.897,5.31,Yawning
08:14:38,0.258,0.877,5.97,Yawning
08:14:38,0.275,0.907,5.31,Yawning
08:14:38,0.267,0.882,6.34,Yawning
08:14:38,0.287,0.837,6.01,Yawning
08:14:38,0.281,0.858,6.01,Yawning
08:14:38,0.296,0.83,5.97,Yawning
08:14:38,0.284,0.902,5.94,Yawning
08:14:38,0.222,0.876,5.97,Eyes Closed
08:14:38,0.159,0.84,5.68,Eyes Closed
08:14:38,0.182,0.862,5.35,Eyes Closed
08:14:38,0.254,0.858,4.68,Yawning
08:14:38,0.245,0.869,5.68,Eyes Closed
08:14:38,0.275,0.893,6.34,Yawning
08:14:38,0.259,0.862,6.01,Yawning
08:14:38,0.275,0.866,6.27,Yawning
08:14:39,0.276,0.858,5.97,Yawning
08:14:39,0.284,0.852,5.61,Yawning
08:14:39,0.284,0.887,6.63,Yawning
08:14:39,0.301,0.821,5.97,Yawning
08:14:39,0.266,0.864,6.01,Yawning
08:14:39,0.289,0.822,5.68,Yawning
08:14:39,0.281,0.892,6.34,Yawning
08:14:39,0.287,0.884,6.3,Yawning
08:14:39,0.277,0.884,6.34,Yawning
08:14:39,0.288,0.823,6.71,Yawning
08:14:39,0.266,0.858,6.41,Yawning
08:14:39,0.214,0.823,7.0,Eyes Closed
08:14:39,0.214,0.857,7.37,Eyes Closed
08:14:39,0.24,0.823,6.71,Eyes Closed
08:14:39,0.234,0.899,7.42,Eyes Closed
08:14:39,0.214,0.891,7.04,Eyes Closed
08:14:39,0.195,0.829,6.67,Eyes Closed
08:14:39,0.207,0.858,7.08,Eyes Closed
08:14:39,0.243,0.847,7.08,Eyes Closed
08:14:39,0.217,0.88,6.71,Eyes Closed
08:14:39,0.234,0.852,7.42,Eyes Closed
08:14:39,0.182,0.846,7.08,Eyes Closed
08:14:39,0.211,0.87,6.41,Eyes Closed
08:14:39,0.233,0.85,7.42,Eyes Closed
08:14:39,0.225,0.802,6.75,Eyes Closed
08:14:39,0.218,0.879,5.74,Eyes Closed
08:14:39,0.194,0.884,6.71,Eyes Closed
08:14:39,0.184,0.895,6.41,Eyes Closed
08:14:39,0.188,0.852,7.04,Eyes Closed
08:14:39,0.208,0.851,7.04,Eyes Closed
08:14:40,0.195,0.886,7.08,Eyes Closed
08:14:40,0.205,0.876,6.71,Eyes Closed
08:14:40,0.197,0.808,6.79,Eyes Closed
08:14:40,0.203,0.811,6.75,Eyes Closed
08:14:40,0.199,0.827,7.08,Eyes Closed
08:14:40,0.197,0.875,6.71,Eyes Closed
08:14:40,0.159,0.874,7.13,Eyes Closed
08:14:40,0.193,0.838,7.08,Eyes Closed
08:14:40,0.2,0.859,7.04,Eyes Closed
08:14:40,0.188,0.912,6.75,Eyes Closed
08:14:40,0.187,0.884,6.75,Eyes Closed
08:14:40,0.203,0.839,6.75,Eyes Closed
08:14:40,0.184,0.845,7.13,Eyes Closed
08:14:40,0.18,0.848,7.08,Eyes Closed
08:14:40,0.153,0.857,7.7,Eyes Closed
08:14:40,0.235,0.846,6.79,Eyes Closed
08:14:40,0.154,0.862,7.08,Eyes Closed
08:14:40,0.164,0.862,6.75,Eyes Closed
08:14:40,0.206,0.846,7.13,Eyes Closed
08:14:40,0.195,0.894,7.08,Eyes Closed
08:14:40,0.194,0.816,7.08,Eyes Closed
08:14:40,0.211,0.825,7.75,Eyes Closed
08:14:40,0.199,0.888,6.75,Eyes Closed
08:14:40,0.184,0.858,7.5,Eyes Closed
08:14:40,0.213,0.828,6.75,Eyes Closed
08:14:40,0.195,0.862,6.79,Eyes Closed
08:14:40,0.183,0.843,7.42,Eyes Closed
08:14:40,0.19,0.862,7.04,Eyes Closed
08:14:40,0.183,0.854,7.08,Eyes Closed
08:14:40,0.179,0.865,7.75,Eyes Closed
08:14:41,0.186,0.857,7.42,Eyes Closed
08:14:41,0.163,0.854,7.46,Eyes Closed
08:14:41,0.203,0.892,6.75,Eyes Closed
08:14:41,0.242,0.852,7.42,Eyes Closed
08:14:41,0.253,0.886,7.04,Yawning
08:14:41,0.267,0.869,7.17,Yawning
08:14:41,0.264,0.892,7.42,Yawning
08:14:41,0.267,0.864,7.7,Yawning
08:14:41,0.267,0.852,7.75,Yawning
08:14:41,0.265,0.798,8.13,Yawning
08:14:41,0.278,0.862,7.08,Yawning
08:14:41,0.277,0.862,7.46,Yawning
08:14:41,0.291,0.859,6.75,Yawning
08:14:41,0.295,0.864,7.46,Yawning
08:14:41,0.289,0.823,6.45,Yawning
08:14:41,0.303,0.91,6.08,Yawning
08:14:41,0.302,0.886,7.08,Yawning
08:14:41,0.278,0.858,7.42,Yawning
08:14:41,0.27,0.86,7.42,Yawning
08:14:41,0.284,0.896,7.42,Yawning
08:14:41,0.292,0.801,6.79,Yawning
08:14:41,0.297,0.838,6.75,Yawning
08:14:41,0.26,0.854,7.08,Yawning
08:14:41,0.24,0.809,7.46,Eyes Closed
08:14:41,0.204,0.86,7.08,Eyes Closed
08:14:41,0.211,0.892,6.75,Eyes Closed
08:14:41,0.184,0.823,7.46,Eyes Closed
08:14:41,0.171,0.825,6.75,Eyes Closed
08:14:41,0.179,0.859,7.13,Eyes Closed
08:14:41,0.16,0.831,7.13,Eyes Closed
08:14:42,0.143,0.878,7.08,Eyes Closed
08:14:42,0.208,0.811,6.75,Eyes Closed
08:14:42,0.198,0.819,6.41,Eyes Closed
08:14:42,0.168,0.82,7.42,Eyes Closed
08:14:42,0.179,0.862,7.08,Eyes Closed
08:14:42,0.17,0.877,6.75,Eyes Closed
08:14:42,0.126,0.854,6.75,Eyes Closed
08:14:42,0.193,0.859,7.13,Eyes Closed
08:14:42,0.221,0.902,6.45,Eyes Closed
08:14:42,0.216,0.831,6.12,Eyes Closed
08:14:42,0.205,0.857,6.12,Eyes Closed
08:14:42,0.204,0.824,6.79,Eyes Closed
08:14:42,0.194,0.864,7.13,Eyes Closed
08:14:42,0.215,0.907,6.79,Eyes Closed
08:14:42,0.237,0.857,7.13,Eyes Closed
08:14:42,0.164,0.859,6.75,Eyes Closed
08:14:42,0.207,0.86,7.08,Eyes Closed
08:14:42,0.189,0.871,6.79,Eyes Closed
08:14:42,0.217,0.862,7.46,Eyes Closed
08:14:42,0.178,0.894,7.08,Eyes Closed
08:14:42,0.188,0.87,7.42,Eyes Closed
08:14:42,0.183,0.869,7.08,Eyes Closed
08:14:42,0.18,0.835,7.17,Eyes Closed
08:14:42,0.194,0.879,7.13,Eyes Closed
08:14:42,0.214,0.874,7.08,Eyes Closed
08:14:42,0.193,0.864,7.08,Eyes Closed
08:14:42,0.191,0.801,7.08,Eyes Closed
08:14:42,0.176,0.903,7.8,Eyes Closed
08:14:42,0.19,0.855,7.5,Eyes Closed
08:14:42,0.219,0.914,7.04,Eyes Closed
08:14:43,0.252,0.823,7.42,Yawning
08:14:43,0.254,0.847,7.08,Yawning
08:14:43,0.253,0.876,7.8,Yawning
08:14:43,0.259,0.848,7.37,Yawning
08:14:43,0.255,0.862,6.45,Yawning
08:14:43,0.272,0.841,7.46,Yawning
08:14:43,0.262,0.864,6.75,Yawning
08:14:43,0.269,0.876,7.04,Yawning
08:14:43,0.269,0.823,7.42,Yawning
08:14:43,0.271,0.89,6.71,Yawning
08:14:43,0.261,0.841,7.08,Yawning
08:14:43,0.286,0.831,6.79,Yawning
08:14:43,0.281,0.839,7.08,Yawning
08:14:43,0.271,0.852,6.45,Yawning
08:14:43,0.274,0.87,7.84,Yawning
08:14:43,0.256,0.867,7.17,Yawning
08:14:43,0.267,0.902,7.08,Yawning
08:14:43,0.261,0.834,7.84,Yawning
08:14:43,0.267,0.855,7.8,Yawning
08:14:43,0.266,0.884,8.13,Yawning
08:14:43,0.269,0.832,7.84,Yawning
08:14:43,0.266,0.9,8.08,Yawning
08:14:43,0.258,0.959,8.13,Yawning
08:14:43,0.244,0.854,8.18,Eyes Closed
08:14:43,0.252,0.852,7.75,Yawning
08:14:43,0.27,0.827,7.46,Yawning
08:14:43,0.27,0.865,7.55,Yawning
08:14:43,0.241,0.832,7.17,Eyes Closed
08:14:43,0.247,0.84,7.46,Eyes Closed
08:14:43,0.147,0.85,7.46,Eyes Closed
08:14:43,0.162,0.825,8.46,Eyes Closed
08:14:44,0.17,0.829,7.46,Eyes Closed
08:14:44,0.186,0.827,7.46,Eyes Closed
08:14:44,0.197,0.835,7.42,Eyes Closed
08:14:44,0.166,0.838,7.46,Eyes Closed
08:14:44,0.201,0.852,7.08,Eyes Closed
08:14:44,0.186,0.899,7.75,Eyes Closed
08:14:44,0.168,0.865,7.17,Eyes Closed
08:14:44,0.177,0.859,7.13,Eyes Closed
08:14:44,0.194,0.905,7.5,Eyes Closed
08:14:44,0.162,0.864,7.8,Eyes Closed
08:14:44,0.184,0.89,7.46,Eyes Closed
08:14:44,0.181,0.854,7.84,Eyes Closed
08:14:44,0.189,0.85,7.75,Eyes Closed
08:14:44,0.17,0.838,7.84,Eyes Closed
08:14:44,0.196,0.864,7.8,Eyes Closed
08:14:44,0.202,0.862,7.46,Eyes Closed
08:14:44,0.19,0.852,7.84,Eyes Closed
08:14:44,0.159,0.838,7.17,Eyes Closed
08:14:44,0.218,0.854,8.18,Eyes Closed
08:14:44,0.225,0.867,7.8,Eyes Closed
08:14:44,0.206,0.859,8.13,Eyes Closed
08:14:44,0.199,0.845,7.75,Eyes Closed
08:14:44,0.205,0.836,8.51,Eyes Closed
08:14:44,0.19,0.877,7.46,Eyes Closed
